<furbot>
	<enunciado>
		Exercicio 8a. &lt;br&gt;
		Faca o robo andar ate chegar no tesouro. &lt;br&gt;
		O robô deve informar que atingiu o objetivo.
		 
	</enunciado>

	<mundo>
		<qtdadeLin>8</qtdadeLin>
		<qtdadeCol>8</qtdadeCol>
		<explodir>true</explodir>
	</mundo>

	<robo>
		<x>0</x>
		<y>0</y>
	</robo>

	<objeto class="br.furb.furbot.Parede">
		<x>4</x>
		<y>0</y>
		<bloqueado>false</bloqueado>
	</objeto>
	<objeto class="br.furb.furbot.Parede">
		<x>3</x>
		<y>5</y>
		<bloqueado>false</bloqueado>
	</objeto>
	<objeto class="br.furb.furbot.Parede">
		<x>3</x>
		<y>4</y>
		<bloqueado>false</bloqueado>
	</objeto>
	<objeto class="br.furb.furbot.Parede">
		<x>3</x>
		<y>3</y>
		<bloqueado>false</bloqueado>
	</objeto>
	
	
	<objeto class="br.furb.furbot.Parede">
		<x>4</x>
		<y>3</y>
		<bloqueado>false</bloqueado>
	</objeto>
	<objeto class="br.furb.furbot.Parede">
		<x>5</x>
		<y>3</y>
		<bloqueado>false</bloqueado>
	</objeto>
	<objeto class="br.furb.furbot.Parede">
		<x>6</x>
		<y>3</y>
		<bloqueado>false</bloqueado>
	</objeto>
	<objeto class="br.furb.furbot.Parede">
		<x>7</x>
		<y>3</y>
		<bloqueado>false</bloqueado>
	</objeto>
	
	
	<objeto class="br.furb.furbot.Parede">
		<x>7</x>
		<y>4</y>
		<bloqueado>false</bloqueado>
	</objeto>
	<objeto class="br.furb.furbot.Parede">
		<x>7</x>
		<y>5</y>
		<bloqueado>false</bloqueado>
	</objeto>
	<objeto class="br.furb.furbot.Parede">
		<x>4</x>
		<y>5</y>
		<bloqueado>false</bloqueado>
	</objeto>
	<objeto class="br.furb.furbot.Parede">
		<x>6</x>
		<y>5</y>
		<bloqueado>false</bloqueado>
	</objeto>
	
	<objeto class="br.furb.furbot.Parede">
		<x>1</x>
		<y>3</y>
		<bloqueado>false</bloqueado>
	</objeto>
	
	<objeto class="br.furb.furbot.Parede">
		<x>5</x>
		<y>7</y>
		<bloqueado>false</bloqueado>
	</objeto>
	
	<objeto class="br.furb.furbot.Parede">
		<x>2</x>
		<y>6</y>
		<bloqueado>false</bloqueado>
	</objeto>
	
	<objeto class="br.furb.furbot.Tesouro">
		<x>6</x>
		<y>4</y>
		<bloqueado>false</bloqueado>
	</objeto>
</furbot>
