<furbot>

<enunciado> 

</enunciado>
<mundo>
		<qtdadeLin>4</qtdadeLin>
		<qtdadeCol>8</qtdadeCol>
		<explodir>true</explodir>
	</mundo>


	<robo>
		<x>0</x>
		<y>randomY</y>
	</robo>


	<objeto class="br.furb.furbot.Alien">
		<random limiteinfX="1" />
		<bloqueado>false</bloqueado>
	</objeto>

	<objeto class="br.furb.furbot.Alien">
		<random limiteinfX="1" />
		<bloqueado>false</bloqueado>
	</objeto>

	<objeto class="br.furb.furbot.Alien">
		<random limiteinfX="1" />
		<bloqueado>false</bloqueado>
	</objeto>


</furbot>
