<furbot>
	<enunciado>
	
	</enunciado>
	
	<mundo>
		<qtdadeLin>5</qtdadeLin>
		<qtdadeCol>4</qtdadeCol>
		<explodir>true</explodir>
	</mundo>
	
	<robo>
		<x>0</x>
		<y>0</y>
	</robo>	
	


     <objeto class="br.furb.furbot.Parede">
		<x>0</x>
		<y>2</y>
		<explodir>true</explodir>
	</objeto>

     <objeto class="br.furb.furbot.Parede">
		<x>0</x>
		<y>3</y>
		<explodir>true</explodir>
	</objeto>

     <objeto class="br.furb.furbot.Parede">
		<x>1</x>
		<y>0</y>
		<explodir>true</explodir>
	</objeto>

     <objeto class="br.furb.furbot.Parede">
		<x>1</x>
		<y>3</y>
		<explodir>true</explodir>
	</objeto>

     <objeto class="br.furb.furbot.Parede">
		<x>2</x>
		<y>0</y>
		<explodir>true</explodir>
	</objeto>

     <objeto class="br.furb.furbot.Parede">
		<x>2</x>
		<y>1</y>
		<explodir>true</explodir>
	</objeto>

     <objeto class="br.furb.furbot.Parede">
		<x>3</x>
		<y>0</y>
		<explodir>true</explodir>
	</objeto>

     <objeto class="br.furb.furbot.Parede">
		<x>3</x>
		<y>1</y>
		<explodir>true</explodir>
	</objeto>

     <objeto class="br.furb.furbot.Parede">
		<x>3</x>
		<y>2</y>
		<explodir>true</explodir>
	</objeto>


</furbot>
