<furbot>
	<enunciado>
	Lista 3 - Exercício 3
	</enunciado>
	
	<mundo>
		<qtdadeLin>8</qtdadeLin>
		<qtdadeCol>8</qtdadeCol>
		<explodir>true</explodir>
	</mundo>
	
	<robo>
		<x>0</x>
		<y>0</y>
	</robo>

	<booleano qtdade = "5">
		<valor random="true"/>
		<random/>
	</booleano>
	
	<numero qtdade = "5">
		<valor randomInf="1"/>
		<random/>
	</numero>
	
	<objeto class="br.furb.furbot.Alien" qtdade = "5">
		<random/>
		<bloqueado>false</bloqueado>
	</objeto>
</furbot>