<furbot>
    <enunciado>

    </enunciado>
    <mundo>
        <qtdadeLin>8</qtdadeLin>
        <qtdadeCol>8</qtdadeCol>
        <explodir>true</explodir>
    </mundo>
    <robo>
        <x> 0 </x>
	   <y> 0 </y>
    </robo>

    <booleano>
        <valor random="true"/>
        <random/>
    </booleano>
    
    <booleano>
        <valor random="true"/>
        <random/>
    </booleano>

    <booleano>
        <valor random="true"/>
        <random/>
    </booleano>

    <booleano>
        <valor random="true"/>
        <random/>
    </booleano>

    <booleano>
        <valor random="true"/>
        <random/>
    </booleano>

    <booleano>
        <valor random="true"/>
        <random/>
    </booleano>

    <booleano>
        <valor random="true"/>
        <random/>
    </booleano>

    <booleano>
        <valor random="true"/>
        <random/>
    </booleano>

</furbot>
