<furbot>
	<enunciado>Leve o robô até a primeira linha e coluna desviando de todas as paredes.&lt;br&gt;
	O robô deve detectar quando não dá para chegar no alvo. &lt;br&gt;
	A primeira mensagem deve conter o nome da equipe	</enunciado>
	
	<mundo>
		<random limiteInfY="6" limiteSupY="9" limiteInfX="6" limiteSupX="9"/>
		<explodir>true</explodir>
	</mundo>
	
	<robo>
		<random limiteInfX="2" limiteSupX="7" limiteInfY = "2"/>
	</robo>
	
	<objeto class="br.furb.furbot.Alien">
		<x>-1</x>
		<y>-1</y>
	</objeto>
	
	<objeto class="br.furb.furbot.Parede">
		<random/>
	</objeto>

	<objeto class="br.furb.furbot.Parede">
		<random/>
	</objeto>

	<objeto class="br.furb.furbot.Parede">
		<random/>
	</objeto>

	<objeto class="br.furb.furbot.Parede">
		<random/>
	</objeto>

	<objeto class="br.furb.furbot.Parede">
		<random/>
	</objeto>

	<objeto class="br.furb.furbot.Parede">
		<random/>
	</objeto>

	<objeto class="br.furb.furbot.Parede">
		<random/>
	</objeto>

	<objeto class="br.furb.furbot.Parede">
		<random/>
	</objeto>

	<objeto class="br.furb.furbot.Parede">
		<random/>
	</objeto>

	<objeto class="br.furb.furbot.Parede">
		<random/>
	</objeto>


	
</furbot>