<furbot>
	<enunciado>
		Faça o robô identificar qual a coluna que possui mais paredes. &lt;br&gt; 
		Ele precisa chegar até a última célula e falar o número da coluna e &lt;br&gt;
		a quantidade de paredes nessa coluna.
	</enunciado>

	<mundo>
		<qtdadeCol>5</qtdadeCol>
		<qtdadeLin>7</qtdadeLin>
		<explodir>true</explodir>
	</mundo>

	<robo>
		<x>0</x>
		<y>0</y>
	</robo>

	<!-- linha um  -->
	<objeto class="br.furb.furbot.Parede">
		<x>0</x>
		<y>1</y>
	</objeto>

	<objeto class="br.furb.furbot.Parede">
		<x>1</x>
		<y>1</y>
	</objeto>

	<objeto class="br.furb.furbot.Parede">
		<x>2</x>
		<y>1</y>
	</objeto>

	<objeto class="br.furb.furbot.Parede">
		<x>3</x>
		<y>1</y>
	</objeto>

	<!-- linha tres  -->
	<objeto class="br.furb.furbot.Parede">
		<x>0</x>
		<y>3</y>
	</objeto>

	<!-- linha cinco  -->
	<objeto class="br.furb.furbot.Parede">
		<x>0</x>
		<y>5</y>
	</objeto>

	<objeto class="br.furb.furbot.Parede">
		<x>1</x>
		<y>5</y>
	</objeto>

	<objeto class="br.furb.furbot.Parede">
		<x>2</x>
		<y>5</y>
	</objeto>

	<!-- linha sete -->

</furbot>