<furbot>
	<enunciado>
	Leve o robô até o alien. Existem quatro combinações de paredes.
	</enunciado>
	
	<mundo>
		<qtdadeLin>10</qtdadeLin>
		<qtdadeCol>10</qtdadeCol>
		<explodir>true</explodir>
	</mundo>
	
	<robo>
		<random limiteInfX="2" limiteSupX="7" limiteInfY = "2"/>
	</robo>
	
	<!-- alvo -->
	<objeto class="br.furb.furbot.Alien">
		<x depende="robo">0</x>
		<y depende="robo">-2</y>
		<bloqueado>false</bloqueado>
	</objeto>

	<!-- definicao da casa do robô -->

	<!--  essa parede sempre existe -->
	<objeto class="br.furb.furbot.Parede">
		<x depende="robo">1</x>
		<y depende="robo">-1</y>
	</objeto>
	
	<grupo>
		<objeto class="br.furb.furbot.Parede">
			<x depende="robo">1</x>
			<y depende="robo">0</y>
		</objeto>
		
	</grupo>
	
	<grupo>
		<objeto class="br.furb.furbot.Parede">
			<x depende="robo">1</x>
			<y depende="robo">0</y>
		</objeto>
		
		<objeto class="br.furb.furbot.Parede">
			<x depende="robo">0</x>
			<y depende="robo">-1</y>
		</objeto>
		
	</grupo>
	
	<grupo>
		<objeto class="br.furb.furbot.Parede">
			<x depende="robo">1</x>
			<y depende="robo">0</y>
		</objeto>
		
		<objeto class="br.furb.furbot.Parede">
			<x depende="robo">0</x>
			<y depende="robo">-1</y>
		</objeto>
		
		<objeto class="br.furb.furbot.Parede">
			<x depende="robo">-1</x>
			<y depende="robo">-1</y>
		</objeto>
		
	</grupo>
	
	<grupo>
		<objeto class="br.furb.furbot.Parede">
			<x depende="robo">0</x>
			<y depende="robo">-1</y>
		</objeto>
		
		<objeto class="br.furb.furbot.Parede">
			<x depende="robo">-1</x>
			<y depende="robo">-1</y>
		</objeto>
		
		<objeto class="br.furb.furbot.Parede">
			<x depende="robo">-1</x>
			<y depende="robo">0</y>
		</objeto>
	</grupo>
	
	
	
</furbot>